,full_text
0,ùó•ùó®ùóîùó°ùóö ùóüùóúùó°ùóöùóûùó®ùó£ ùóûùóúùó†ùóúùóî [ Materi Kimia Kelas X Kurikulum Merdeka ] #studytwt #ambisverse https://t.co/v9DXDIS3ig
1,LIST MATERI KELAS 12 KURIKULUM MERDEKA SEMESTER 1 &amp; 2 A Thread by @k___ale #studytwt #ambisverse https://t.co/cyziJ1ovPW
2, .. eksponen dan logaritma kelas 10 kurikulum merdeka! a sincerely-made thread by @thouvere ft #studytwt. ^___^ https://t.co/GOqVogR2Ju
3,15 Contoh Soal UTS Essay Bahasa Indonesia Kelas 4 SD Semester 2 Kurikulum Merdeka dan Kunci Jawaban https://t.co/zETqMXlCjD https://t.co/6dR2OQ6SBH
4,LIST MATERI &amp; CATATAN KELAS 11 KURIKULUM MERDEKA (KURMER) ‚Äç - a thread by @serinshi - #ambistwt #studyacc #kelas11 #kurmer https://t.co/qrkUQlJ7dg
5,Program Semester (Promes/Prosem) PAI dan Budi Pekerti Kelas 2 SD Fase A Kurikulum Merdeka #prosemkelas2 #promeskelas2 #prosempaidanbudipekerti #promespaidanbudipekerti #promeskurikulummerdeka #prosemkurikulummerdeka https://t.co/M5tDplqhGZ
6,Program Semester (Promes/Prosem) PAI dan Budi Pekerti Kelas 2 SD Fase A Kurikulum Merdeka #prosemkelas2 #promeskelas2 #prosempaidanbudipekerti #promespaidanbudipekerti #promeskurikulummerdeka #prosemkurikulummerdeka https://t.co/M5tDplpJRr
7,Contoh Soal Essay UTS Bahasa Indonesia Kelas 2 SD Semester 1 Ganjil Kurikulum Merdeka-Kunci Jawaban https://t.co/zwdURorGcR https://t.co/UjOLis9bdo
8,25 Contoh Soal UTS Bahasa Indonesia Kelas 4 SD Semester 1 Ganjil Kurikulum Merdeka dan Kunci Jawaban https://t.co/6Q31qMhJmh https://t.co/pkqIQkyyFl
9,List materi kelas 12 kurikulum merdeka Sumber : Buku Kemendikbud https://t.co/5AtQ7UEjqk
10,Materi Kurikulum Merdeka kelas 12 A thread : https://t.co/rmisZXEnip
11,wts buku paket kurikulum merdeka ( isinya latsol ) kelas 11 semester 2 20k/each gaada coretan sama sekali udah disampulin semua dm yaa https://t.co/aJIiXwb2FM
12,15 Contoh Soal Isian dan Essay UTS Bahasa Indonesia Kelas 2 SD Semester 2 Genap Kurikulum Merdeka https://t.co/VAyh8A56PP https://t.co/cFQxnNEi7n
13,BISAKAH Siswa Tidak Naik Kelas Saat Ini? Dalam Penerapan Sistem Kurikulum Merdeka https://t.co/s2RRRtpEHI https://t.co/lIGUQe56ad
14,Fisipol ini fakultas gagal Sebenarnya ide relaksasi kurikulum 50% wajib 50% merdeka ini adl terobosan &amp; bisa jd simpang jalan terutama buat mereka2 yg belum yakin dg pilihannya &amp; merasa salah jurusan https://t.co/M2B0KuQYUT
15,Telah Terbit Judul: Kurikulum Merdeka (Implementasi dan Pengaplikasian) Penulis: Muh Husyain Rifai M.Pd. dkk. Halaman : viii + 187 halaman Ukuran: 15 5 x 23 cm ISBN: 978-623-8486-80-9 https://t.co/5W0Fth1XYT
16,P5 adalah salah satu matpel yang ada di kurikulum merdeka awalnya sih mau protes ngapain ada matpel ini kan udah ada PKN. Ternyata tujuannya utk menanamkan nilai2 pancasila utk diterapkan dikehidupan sehari2. Persatuan seringkali dipinggirkan jika kepentingan di kedepankan. https://t.co/bsOQiLxmG7
17,Bocah yang kreatif sesuai tujuan kurikulum merdeka. Mengembangkan minat dan bakat sesuai kompetensinya berbasis project. Kalau gak ada bukti konkret project cuma dianggap rekayasa.
18,fak tugas proyek fak kurikulum merdeka gw ga merdeka bbiiii https://t.co/fIaEpgHPtX
19, Lulusan Kurikulum Merdeka punya skor UTBK yang lebih tinggi https://t.co/BLEYqfcyCO
20, ini serius kurikulum merdeka mau di ganti lagi??apalah dunia ini https://t.co/SycJRZMFay
21,#terpopuler Berikut ini kumpulan contoh catatan wali kelas di rapor kurikulum merdeka untuk kenaikan kelas di tingkat SD SMP hingga SMA. Baca selengkapnya di sini! https://t.co/hMbZ5y9q5Q
22,Hasil UTBK Sekolah Kurikulum Merdeka LEBIH TINGGI dari yang lain https://t.co/s7UJYkNXGF
23,Temen-temen yang kelas 12 ada yang mau buku paket kurikulum merdeka ngga?? ini aku baru download dari web resmi kemdikbud dan udah kurapihin di gdrive. Kalau mau rep twitt ini yaaa #studytwt https://t.co/6i2eWGhdBC
24,Kurikulum Merdeka: Proyek Penguatan Profil Pelajar Pancasila üáÆüá© https://t.co/3VNPTIsuW6
25,Ada kris di Mapel sejarah peminatan kelompok IPS kelas XI kurikulum 2013. Kompetensi Dasar 3.12/4.12. Dalam kurikulum merdeka ditiadakan/dihapus. Setelah geger kita buka ke publik diadakan kmbali namanya mapel sejarah tingkat lanjut lewat permendikbudristek 12/2024. Apakah https://t.co/tAY3xmXI1i
26,WTS Buku Erlangga Kelas 11 ‚ÄºÔ∏è ‚≠êÔ∏è Kondisi: Mulus 100% seperti baru tanpa ada coretan ‚≠êÔ∏è Bisa kirim via shopee (gratis ongkir) ‚≠êÔ∏è Boleh nego Matematika 55k Matematika Tingkat Lanjut 95k Kimia 95k Fisika 120k Take All 350k t. Preloved murah Kurikulum merdeka kurmer https://t.co/7QmaY5w2t4
27,Kurikulum Merdeka https://t.co/14DiAhX5yD
28,WTS Buku Erlangga Kelas 10 ‚ÄºÔ∏è ‚≠êÔ∏è Kondisi: Mulus 100% seperti baru tanpa ada coretan ‚≠êÔ∏è Bisa kirim via shopee (gratis ongkir) ‚≠êÔ∏è Boleh nego Matematika 90k Kimia 40k Fisika 40k Take All 160k t. Rekomendasi Preloved murah Kurikulum merdeka kurmer https://t.co/13z9tZ0pkF
29,Teruntuk Bapak / Ibu Guru dimana pun berada simak yuk rekomendasi dari MinEdu mengenai contoh kegiatan P5 yang sederhana dengan tema Gaya Hidup Berkelanjutan . Selengkapnya mari kita cek grafis di atas ya ‚¨ÜÔ∏è #P5 #MerdekaBelajar #KurikulumMerdeka https://t.co/Il3yrAkj86
30,@5teV3n_Pe9eL Kurikulum Merdeka Nadiem membuat seseorang menjadi Bahlul. https://t.co/Inp2LF9Deb
31,Workshop Pendidikan (Hadapi Tantangan Kurikulum Merdeka dengan Pelatihan Merancang Desain P5) 14 21 Juni 2024 @ Zoom &amp; Youtube Pukul : 14.00 WIB Selesai Gratis! Untuk Umum CP : 0877 8458 6502 https://t.co/QIyVJIyran
32,Buku Phintar Matematika untuk SD/MI disusun¬†berdasarkan capaian pembelajaran setiap fase dalam Kurikulum Merdeka. #MilikiIlmunya https://t.co/LlX2Ax5SaI
33,Di kurikulum 2013 Materi Limit diajarkan di kelas 11 di kurikulum merdeka diajarkan di kelas 12. Seorang kakak kelas 11 yg naik ke kelas 12 memanfaatkan 2x90 menit waktunya dlm seminggu dari 10.080 menit dalam seminggu untuk start belajar materi limit lebih dahulu. MathCamp https://t.co/ZFgdc9UpaG
34,yang mau joki buat tugas tugas pendidikan seperti LKPD modul ajar kurikulum merdeka RPP bahan ajar instrumen pembeljaran sini aku bisa bangett yu langsg kerjain juga bisa langsung wassap di bio untuk fastres dan full payment di akhirr #jokitugas #joki #zonauang https://t.co/Vyt3MPvH9W
35,Gue ngerasa kurikulum di Indo jamanan erlangga itu bagus banget. Even tulisan banyak tapi dari sana gue belajar banyak kosa kata exercise selalu diulang dan relate gitu.dibanding era kurikulum merdeka dgn sistem tema 1-sekian tapi anak¬≤ kaya belajar tp kurang bahan ajar.
36,Jik ntas mbahas lulusan luar negeri aplikasi nang Indonesia kok sliwer iki @adiharyoutomo Ya ini penerapan kurikulum merdeka yg sebenarnya.
37,#SahabatEdu siapa nih yang masih bingung dengan asesmen di Kurikulum Merdeka? #KurikulumMerdeka #MerdekaBelajar #PembelajaranBerkualitasBagiSemua #LanjutkanMerdekaBelajar https://t.co/28Q4woxwmD
38,kurikulum merdeka adalah kurikulum TERGAJELAS. Anak kelas 1 SD disuruh bikin prakarya dan dijual trus itung untung ruginya. Permisi anak gua masih ndusel ke leher gua kalo mau tidur disuruh nyari laba hasil jual gantungan kunci 
39,Sekolah kok tambah ruwet.. Kurikulum.merdeka .. Kurikulum semrawut.. sabar lee.. Pakai full day.. ngeneki ora iso muleh sore.. Layangan.. Zaman anak sekarang. @daR4_ra anakmu gremeng bae @dyahNeZza https://t.co/KtI4uDz8wx
40,Tips Mengembangkan Silabus Kurikulum Merdeka https://t.co/B9tTgGeqkf https://t.co/sxjBqzJNlI
41,Kunci Jawaban Bahasa Indonesia Kelas 9 SMP Kurikulum Merdeka Laporan Analisis Poster Halaman 137 https://t.co/9Zi7GvEXRr https://t.co/Bq27x9ktDV
42,pas tk ikutan les sempoa juga gini berbulan¬≤ beneran cuma basicnya doang. bukunya ada mini quiz nya gitu jadi beneran khatam sama angka dulu. gak langsung 20+15 . dan soal kurikulum tuh bener apalagi kurikulum merdeka nih kacau. adekku sampe gak ngerti dia belajar apa aja 
43,Workshop Pendidikan (Hadapi Tantangan Kurikulum Merdeka dengan Pelatihan Merancang Desain P5) 14 21 Juni 2024 @ Zoom &amp; Youtube Pukul : 14.00 WIB Selesai Gratis! Untuk Umum CP : 0877 8458 6502 https://t.co/3Yt26yKwRb
44,HIII im chilo! im not new in #studytwt but im lking for more study friends ((esp for my akt 25 ‚Äç‚Üî)) get to know me ‚ÄçÔ∏èÔºü 07L | 11th grade | kurikulum merdeka love books music &amp; beauty! please or ‚Üª if u wanna be moots [#studytwt #AMBISVERSE #studyacc ]
45,Penerapan kurikulum merdeka udah TaRL udah Pembelajaran berdiferensiasi juga udah. CRT juga udah. Tapi kok pas evaluasi akhir tahun tetep ada ranking si gimana ceritanya? Katanya kuda sama ikan hebat dengan caranya masing¬≤ wk. Mau misuh tapi ya gmn kulturnya begitu.
46,Workshop Pendidikan (Hadapi Tantangan Kurikulum Merdeka dengan Pelatihan Merancang Desain P5) 14 21 Juni 2024 @ Zoom &amp; Youtube Pukul : 14.00 WIB Selesai Gratis! Untuk Umum CP : 0877 8458 6502 https://t.co/TV8yGzZ9Nq
47,PKBM Primago Siap Implementasikan Kurikulum Merdeka Setelah Mengikuti Bimtek - https://t.co/WuDM68HsQL https://t.co/WZrSwzu1MN
48,POV menarik mungkin kurikulum Merdeka adalah jawaban pragmatis Dari Banyaknya lulusan sarjana yg kerjanya Gak linear dengan jurusannya
49, catatan materi kelas 10 kurikulum merdeka ~a thread~ by @candylianthan
50,akhirnya sampe rumah perkara kurikulum merdeka yang raport nya ribet bgt jadi lama pulang. sehat-sehat kalian guru-guru semuanya 
51,Rerata Skor UTBK Penerima Berdasarkan Program dan Hasil UTBK Sekolah dengan Kurikulum Merdeka https://t.co/Q337wTwydl
52, Selamat siang! Sender masih mencari responden untuk mengisi kuisioner. Kriteria: Guru Bahasa Inggris SD yang pernah mengajar dengan Kurikulum 2013 dan Kurikulum Merdeka. Kalau ada Bapak/Ibu guru yang berkenan boleh reply yaa. Nanti sender DM! Terima kasih. https://t.co/BnU9BjEp5E
53,TELAH TERBIT! ESPS MATEMATIKA SD/MI KELAS 6 KURIKULUM MERDEKA 002-510-075-0 | Rp103.000 https://t.co/kJStk98hKR Keunggulan Produk: Materi berisi pengetahuan yang disusun berdasarkan Capaian Pembelajaran. @BukuERLANGGA https://t.co/tveASfOK7Q
54,Kurikulum Merdeka: Harapan Baru untuk Pendidikan Indonesia | Harian Momentum https://t.co/4azDabdzMX
55,TELAH TERBIT! INFORMATIKA SD/MI KELAS 3 KURIKULUM MERDEKA 002-004-015-0 | Rp71.000 https://t.co/6DbUZL0Kgq
56,MENDORONG MULTIKULTURALISME DI SEKOLAH-SEKOLAH INDONESIA MENUJU KURIKULUM MERDEKA: TANTANGAN DAN STRATEGI UNTUK PENDIDIKAN INKLUSIF https://t.co/zNRr0xCVKN
57,Hari Ini SD Muh. 1 Ketelan Solo Wisuda 130 Siswa Lulusan Kurikulum Merdeka https://t.co/uCRHdBZEnG https://t.co/AvCX4O7Riz
58,Nah betul Anak anak usia sekolah dpt guru yg ke LN itu pasti bikin motivasi anak beda. Iya makin bnyk yg dr luar kembali ke akar rumput itu pelan2 ubah gaya lama guru2 mrk akan belajar berubah. Umumnya guru2 kita apalg negeri daerah ga siap dg kurikulum merdeka
59,Kepala dan Guru PAUD di Bireuen Ikuti Advokasi Pelaksanaan Kurikulum Merdeka https://t.co/ddLf2SDHRx https://t.co/5Y9cTvbhfN
60,Selamat atas diraihnya penghargaan Apresiasi Pemerintah Daerah dengan Jumlah PTK Terbanyak Aktif Memanfaatkan PMM pada Festival Kurikulum Merdeka tahun 2024 oleh Dinas Pendidikan Kota Bandung https://t.co/6EFxdIxRUK
61,Kunci Jawaban Bahasa Inggris Kelas 9 SMP Halaman 40 Kurikulum Merdeka Section 5 Worksheet 1.6 https://t.co/HPSUTjdRv7 https://t.co/1JF8j6svce
62,kalo disini pake kurikulum merdeka alias anak sd disuruh belajar sendiri kalo gabisa gurunya tinggal marahin
63,Workshop Pendidikan (Hadapi Tantangan Kurikulum Merdeka dengan Pelatihan Merancang Desain P5) 14 21 Juni 2024 @ Zoom &amp; Youtube Pukul : 14.00 WIB Selesai Gratis! Untuk Umum CP : 0877 8458 6502 https://t.co/f8gEFznDOu
64,TELAH TERBIT! PENDIDIKAN LINGKUNGAN DAN BUDAYA JAKARTA (PLBJ) KELAS 3 KURIKULUM MERDEKA 002-306-019-0 | Rp86.000 Dapatkan Diskon Khusus disini &gt;&gt; https://t.co/OAFaaz6HPY https://t.co/toQI26HXRh
65,Kurikulum Merdeka: Transformasi Pendidikan menuju Generasi Tangguh dan Berkarakter: Pendidikan sebagai landasan utama dalam membentuk generasi yang tangguh dan berkarakter. Dalam konteks ini Kurikulum Merdeka telah menjadi perbincangan hangat di https://t.co/el0Ojomnny https://t.co/lcDSls6ln7
66,TELAH TERBIT! LULUS PENILAIAN PENDIDIKAN AGAMA ISLAM DAN BUDI PEKERTI SMK KELAS 11 KURIKULUM MERDEKA 005-297-026-0 | Rp175.000 Diskon Khusus 30% &gt;&gt; https://t.co/U80cgH44nC @BukuERLANGGA https://t.co/f6dHc8eELJ
67,TELAH TERBIT! SEMANGAT MENDALAMI BAHASA ARAB MTS KELAS VIII Kurikulum Merdeka 010-492-020-0 | Rp105.000 Dapatkan Diskon 30% hanya di &gt;&gt; https://t.co/f81JN7QkBV https://t.co/BXI66XgSwT
68,Pelatihan Guru Intensif untuk Kurikulum Merdeka https://t.co/bi8T3OlO0Q #TempoIndonesiana
69,Sekretaris Direktorat Jenderal Guru dan Tenaga Kependidikan Kemendikbudristek Temu Ismail mengungkapkan saat ini sudah ada 300 ribu lebih sekolah di Indonesia yang menerapkan kurikulum merdeka belajar. #IDNTimesNews https://t.co/mweAWtNdvy https://t.co/8pk8JrXPWW
70,#SahabatEdu simak yuk penjelasan Kepala BSKAP Anindito Aditomo terkait Kemendikbudristek yang terus berkomitmen untuk mendampingi satuan PAUD dalam meningkatkan kualitas layanan PAUD yang berkelanjutan. #RaporPendidikan #MerdekaBelajar #KurikulumMerdeka #PAUD https://t.co/U7Ddn9EKuO
71,TELAH TERBIT! BUPENA MERDEKA SD/MI JL.6A KURIKULUM MERDEKA 002-371-398-0 | Rp94.000 Dapatkan Diskon Khsus hanya di&gt;&gt; https://t.co/SF6YRR2NLb @klubbuku @bukuerlangga https://t.co/47THxK03Th
72,TELAH TERBIT! PRINSIP DASAR DESAIN DAN KOMUNIKASI KONSENTRASI KEAHLIAN DESAIN KOMUNIKASI VISUAL SMK/MAK KELAS 11 KURIKULUM MERDEKA 005-760-013-0 | Rp84.000 Dapatkan Diskon Khusus member &gt;&gt; https://t.co/2Bx3QK8jZH @bukuerlangga @KlubBuku https://t.co/tjOrno1aZ9
73,TELAH TERBIT! UP5 (UNJUK P5) KEBEKERJAAN SMK/MAK KELAS 11 KURIKULUM MERDEKA 005-370-011-0 | Rp50.000 Dapatkan Diskon Khusus member bukabuku https://t.co/bIzfO2fHTl @BukuERLANGGA @KlubBuku https://t.co/lSTwdMbPWS
74,TELAH TERBIT! INFORMATIKA SD/MI KELAS 6 KURIKULUM MERDEKA (Soft Cover) oleh HINDRASWARI ENGGAR DWIPENI Dapatkan Diskon khusus 30% &gt;&gt; https://t.co/VDpicslSMf @bukuerlangga @klubbuku https://t.co/sD22Wpcndp
75,Kenapa nggak kurikulum merdeka ya? Kasian juga Mas Menteri udah bikin bukannya dipromosiin 
76,@rizkishahab @Outstandjing Kurikulum merdeka mah malah enak di guru/dosennya sayy muridnya makin tolol wkwkwkw
77,Pak Menteri susah payah bikin Kurikulum Merdeka sampai anak SMA udah diajarin statistika inferensial H0 dan H1. Yang dipake: kurikulum Cambridge.
78,bs ga si kebijakan utbk tahun depan diumumin sekarang ini??? jujur ak trauma dikasi info dadakan ditambah kepikiran soalnya tahun depan anak anak kurikulum merdeka ALIAS BEDA MA KITA KITA
79,#SobatBBPMP Jabar sudah siap memeriahkan Festival Kurikulum Merdeka? Opening Ceremony Festival Kurikulum Merdeka akan ditayangkan live di kanal YouTube BBPMP Jawa Barat pada: Hari/Tanggal: Kamis 30 Mei 2024 Waktu: 19.30 s.d selesai Tautan: https://t.co/PT2NUYctug https://t.co/TDs5AYYepF
80,Aduh udah jumpalitan bikin banyak festival untuk kurikulum merdeka pak Jokowi malah pake kurikulum lain. Apakah bapak tidak percaya kurikulum merdeka diterapkan di IKN?
81,Kunci Jawaban Bahasa Indonesia Kelas 8 SMP Halaman 7 Kurikulum Merdeka Kalimat Objektif Subjektif https://t.co/m8Yv1h37NK
82,@sierralphaa @Outstandjing Akibat kurikulum merdeka sekolah gak boleh gak naikin siswa. Kalau ga dinaikin LSM bertindak. Sekolah jg hrs mau menerima siswa dr semua latar belakang sekolah dituntut jd inklusif. Akibatnya siswa2 spt itu bisa masuk lewat jalur zonasi. Siswa yg bagus2 jadi kelempar.
83,kurikulum merdeka bakal mendapatkan skor yg lebih tinggi daripada k13 
84,TUKARKAN KARTU SNBT-MU DAN DAPATKAN BENEFITNYA! UKRIDA hadir sebagai salah satu PTS berkualitas dengan menerapkan kurikulum Merdeka Belajar Kampus Merdeka (MBKM) yang memungkinkanmu belajar bersama dosen maupun teman-teman dari berbagai negara. https://t.co/JeE2AxQ5ny
85,kalau kurikulum merdeka itu rata-rata nilai yang dipake buat snbp dari semester 3 4 5 atau tetep pake 5 semester?
86,@Outstandjing Apakah dengan adanya kurikulum merdeka dapat mengatasi permasalahan ini?
87,materi turunan sama limit itu di kurikulum merdeka masuknya ke matlan kelas 12 yaa?
88,Tantangan dalam Penerapan Kurikulum Merdeka secara Serentak https://t.co/JkxYxtdcmQ #TempoIndonesiana
89,@fzzrss Seharusnya tetep ngga ada ngga sih soalnya kan udh kurikulum merdeka udh ngga ada IPA IPS di SMA
90,@sbmptnfess Loh kurikulum merdeka masih ada jurusan ips dan IPA? ku kira udh dihapus jurusan IPA dan IPS
91,moots mapel kurikulum merdeka buat kelas 10 apa aja yaa??
92,@rizkishahab @Outstandjing kurikulum merdeka cuma memberi kebebasan belajar buat siswa dan guru. jadi fleksible gitu lah.. tapi kayaknya gak bisa menyelesaikan masalah yang ada sih ...
93,Muatan Pembelajaran PAUD Hingga SMA Diatur dalam Kurikulum Merdeka https://t.co/adPQXVUnXo https://t.co/U0TBeikfA0
94,Wakil Ketua Perkumpulan Nusantara Utama Cita (NU Circle) Ahmad Rizali mengingatkan Mendikbudristek Nadiem Makarim agar tak menyebarkan adegan seksualitas di lingkungan sekolah. Menurut dia dalam program Sastra Masuk Kurikulum pendukung Kurikulum Merdeka. Adegan cabul yang https://t.co/PiCB7NaYv1
95,1. UN yg pelan2 diperbaiki kualitas soal &amp; tujuan asesmennya untuk pemetaan malah dipretelin. 2. Zonasi berantakan bikin anak2 ga sekolah. 3.AKM &amp; Kurikulum merdeka implementasinya bikin sulit guru. 4. SNBT ujian mata pelajaran hilang. Dosa Jokowi paling akbar itu Nadiem.
96,LPPM UNIMED Berikan Pelatihan Kepada Kelompok Kerja Guru (KKG) SD Dalam Menyusun Perangkat Pembelajaran Kurikulum Merdeka Wilayah Pancur Batu https://t.co/3gViYdAyHk
97,Kunci Jawaban Bahasa Indonesia Kelas 8 SMP Halaman 5 Kurikulum Merdeka Berlatih Informasi Teks https://t.co/VVQDpLqL7V
98,@einedame Kebalikan kurikulum indo. Apalagi kurikulum merdeka ini kacau balau. Ada guru-guru yang entah bingung apa gimana anak kelas 1 udah diajari perkalian pembagian. Kelas 2 udah perkalian bersusun dua angka. Lihat di buku keluaran mendikbud materi itu gak ada semua.
99,haii every1 o‚Å†(‚Å†(‚Å†*‚Å†^‚Å†‚ñΩ‚Å†^‚Å†*‚Å†)‚Å†)‚Å†o !! Perkenalkan aku Dinda 07L ang. 25!! ^^ Let's be moots (‚Å†‚Å†‚Äø‚Å†‚Å†) ‚Üí 12th grade (to be) ‚Üí kurmer based [kurikulum merdeka] ‚Üí pengejar PTN ‚Üí kpopers &amp; kinda wibu (myb) ‚Üí feel free to ask any questions jbjb etc. #studytwt
100,Yang saya sayangkan beginian di posting langsung sama Presiden. Ini sekolah Negeri atau Swasta sih? Terus kalau ada anak Indonesia sekolah sana bayar tidak? Paling bingung kok gak pakai Kurikulum Merdeka saja yang penuh kebanggaan disorot dunia? (Katanya)
101,@k___ale Adik manis justru dengan adanya kurikulum merdeka dan udah berlaku secara nasional malah gak bakal ada TKA
102,Mau ga aku bikinin thread materi kelas 10 buat SMA/MA but berdasarkan sekolah dan buku paket kurikulum merdeka? Yay or nay?
103,@seruanhl Kurikulum merdeka : Mengembangkan bakat minat siswa sesuai dengan kompetensinya. Peluang karier : dari muka kuning sampai Las Vegas
104,HALO kakak-kakak angkatan 24 ada yang udah kurikulum merdeka gak ya waktu SMA nya MAU tanya sistem eligible di kurikulum merdeka itu sama aja kayak pas k13 yang masih ipa/ips atau gimana ya?
105,Kenapa SNBT Rata-Rata Siswa Kurikulum Merdeka Jauh Lebih Tinggi Dibandingkan dengan Kurikulum Lain? https://t.co/XcsQPjFAEz
106,kira kira kita bakal diminta duit apalagi yagesya? udah gituuu... pake kurikulum cambridge. kenapa pak? ga caya ya sama kurikulum merdeka? jelek ya? wkwkwkwkwkwkwkwkwkwkwkwk mending nontonin komeng daripada liatin bapak ini fafifu wasweswos
107,SMAN 2 Amlapura menggelar workshop review (evaluasi) pelaksanaan kurikulum merdeka dan penguatan kompetensi guru dalam pembelajaran. Kegiatan ini sekaligus untuk menyongsong tahun ajaran 2024-2025.https://t.co/XHRl0wi0aJ
108,Tersedia Contoh CATATAN Proses Rapor P5 saat Proses Pembelajaran Kurikulum Merdeka untuk SD Kelas 1 2 3 4 5 dan 6 #P5 #rapor #KurikulumMerdeka #SD https://t.co/kk9JzYkbg1
109,Pertarungan Argumen dan Keputusan Sulit: Nasib Siswa di Tengah Kenaikan Kelas Kurikulum Merdeka https://t.co/8tR7vJ1X7F
110,20 Latihan Soal PLBJ Kelas 1 SD Bab 1 Kurikulum Merdeka Lengkap dengan Kunci Jawaban Hompimpa https://t.co/tq9o4kBst6
111,Teman-teman doakan aku bisa dapet paket yang aku mau untuk fase F kurikulum merdeka yaa . Ya Allah aku mau jadi dokter dan scientist . Mohon doanya ya teman-teman besok pagi warr . #studytwt #School
112,penasaran bedanya kurikulum merdeka dan non kurikulum merdeka ini apa banyakan yang lolos pakai kumer
113,wow katanya lulusan kurikulum merdeka mendapatkan skor yang lebih tinggi dibandingkan lulusan dari kurikulum yang lain 
114,Ga mau pake kurikulum merdeka? Kualitas dunia? Hmmm Cetak anak bangsa yg unggul kok dipetak2an apakabar daerah 3T ‚ÄçÔ∏è
115,15 Latihan Soal PLBJ Kelas 1 SD BAB 3 Kurikulum Merdeka Lengkap Kunci Jawaban Membuat Rante Rante https://t.co/bORHcxn4kJ
116,@rizkishahab @Outstandjing Pernah denger waktu itu anggota DPR Komisi X bilang kalo sekarang kurikulum merdeka udh mirip2 sama yg ada di Finlandia cuman tinggal gimana gurunya mengajar aja mau gak buat berubah? Banyak oknum gua cuman masuk kelas duduk nyuruh kerjain soal Udeh. Wkwkwk
117,Fungsi Prinsip dan Komponen Kurikulum Satuan Pendidikan https://t.co/Rfwv57rzco
118,Rek! Di Cari Tutor Les Privat Kelas : SMA kelas 10 Mapel : Siap semua mapel Kurikulum : Merdeka Alamat : Dian Istana Wiyung Hari &amp; Jam : - bisa didikusikan Durasi : 90 (cont)
119,yaallah maksudnya ini kurikulum merdeka dapet nilai yang lebih terjamin ya dibanding k13 dll? hhh pls bgt mw nangis kenapa tahun ini banyak banget perubahan yang di luar ekspektasi aku cuma mau akhirin masa gapyear dan jd maba psikologi jalur snbt tahun ini ya Allah
120,Inilah jika sebuah negara besar seperti Indonesia dipimpin kepala negara yang tak punya kepala bermodal ilusi optis dalam kemasaan citra bermental inlander dan tampak tak terdidik dengan baik. Kembrat Cambridge ndasmu ! Kurikulum Merdeka ? Ke laut aja . . Ternyata https://t.co/ptqfGoqKiU
121,alo guys ada kah yg bisa buat modul ajar matematika kurikulum merdeka buat sma?? drop pl yaahhh #zonauang
122,Kurikulum merdeka ga kepake nih? Wkwkwkw
123,serius deh kurikulum merdeka ini PUSING banget anjrit kurtilas aja tuh udah engap aku.. pas liat materi merdeka adek aku ini SESAK NAFAS MUAL PENING KUNANG KUNANG
124,@barbieburuh Dasar pendidikan sekolah di LN adalah project analisa kritis berpikir menulis diskusi kemudian presentasi. Ini keliatan di kurikulum cambridge atau IB. Kur merdeka sebenernya mengadaptasi kurikulum tsb. Walaupun skr banyak dihujat tp pak Nadiem on the right track
125,Kurikulum Merdeka Diterapkan P5 di MIM Banyudono https://t.co/oNkApVQBnT
126,kurikulum merdeka tuh bener2 merdeka bgt kah muridnya?? tiap w tanya murid lesku slalu jwbannya gatau td gurunya cmn nyuruh baca2 sendiri trus kerjain sendiri kukira muridku yg ga prnh dengerin gurunya tp sodaraku yg jg ngelesin di lampung ngeluh hal yang sama ..
127,Eh serius dulu tu aku nyimpen SMA kurikulum merdeka(?) gitu pokoknya kok hilang yahh adikku sedang bimbang dahal dan aku ketinggalan info soal jelasnya kurikulum merdeka ini
128,Kunci Jawaban Ilmu Pengetahuan Alam dan Sosial Kelas 4 Kurikulum Merdeka 117 Keanekaragaman Sekitar https://t.co/S1STTMfyqC
129,Kunci Jawaban Bahasa Indonesia Kelas 10 Halaman 5 6 7 Kurikulum Merdeka: Ciri Khas Laporan Observasi https://t.co/Q4Ao5vVHNY
130,@tvOneNews Inikah hasil kurikulum merdeka ?
131,#SahabatDikbud sebagai bagian dari program Kampus Merdeka Badan Standar Kurikulum dan Asesmen Pendidikan (BSKAP) Kemendikbudristek membuka kesempatan magang bersertifikat bagi para mahasiswa. Raih kesempatan berharga untuk berkontribusi terhadap arah kebijakan pendidikan https://t.co/VxnNwK14hv
132,@dhemit_is_back Saya dari bekasi gk begitu yang mulia mungkin karena kurikulum merdeka jadi rebutan teman satu tim
133,Pol PP ini seharusnya memahami esensi Kurikulum merdeka dimana minat dan bakat setiap individu siswa harus didukung dan dikembangkan. Bukan malah dihambat begini. Ingat dalam kurikulum merdeka belajar tidak boleh terkukung dalam ruang kelas.
134,Kunci Jawaban Bahasa Inggris Kelas 9 SMP Halaman 39 Kurikulum Merdeka Section 5 Worksheet 1.6 https://t.co/ZEFF7S0xqX
135,Tersedia 5 contoh catatan proses rapor P5 SD pembelajaran Kurikulum Merdeka singkat cocok untuk kelas 1 2 3 4 5 dan 6. (FA) #P5 #rapor #KurikulumMerdeka #SD https://t.co/dqefjYm9qj
136,Ptn! Sender mau daftar smup jalur Utbk sama nilai rapor. Sender kurikulum merdeka dan ada rapor projek juga kira-kira itu dimasukkin juga ga yaa? TIA!
137,Usai Jadi Polemik Nadiem Kini Pertimbangkan Pramuka Masuk Kurikulum Merdeka https://t.co/Li28duddnv
138,Pengamat Nilai Kurikulum Merdeka Ciptakan Proses Belajar Relevan Lapangan Pekerjaan Lebih Dekat https://t.co/tBoX15mYJ2 #News
139, Lulusan kurikulum merdeka mendapatkan skor lebih tinggi daripada lulusan yang menggunakan kurikulum lainnya Peserta yang lolos SNBT 2024 dan sudah mendaftar ulang tidak dapat mendaftar di Jalur Mandiri di semua PTN
140,TELAH TERBIT! AKUNTANSI PERUSAHAAN MANUFAKTUR KONSENTRASI KEAHLIAN AKUNTANSI SMK KELAS 12 KURIKULUM MERDEKA 005-657-075-0 | Rp122.000 CO disini Dapatkan Diskon Special &gt;&gt; https://t.co/Hj0NKBlNQQ @BukuERLANGGA https://t.co/sIAFgk8dkc
141,Kunci Jawaban Bahasa Inggris Kelas 10 Halaman 5 6 7 Kurikulum Merdeka: Let's Write https://t.co/EN1mdScBoG
142,Apakah ini berarti Presiden tidak percaya kualitas pendidikan dengan kurikulum merdeka?
143, gw jadi mikir rg bakalan laku ga yah soalnya kan ini udah ganti kurmer (kurikulum merdeka) sedangkan rg tuh mapelnya wajib gaada peminatan
144, halo adakah dari kalian yg masih SMA atau punya kenalan anak SMA yg belajarnya udah pake Kurikulum Merdeka? aku butuh pinjam dan minta difotokan buku paket bahasa inggrisnya untuk tugas kuliah. Kalo ada yg bersedia tolong rep ya nanti aku dm. Terima kasih
145,@sin2xtan2x @wangsitomjero mjb tapi kayanya gede deh persentasenya apalagi udah banyak sekolah yang kurikulum merdeka jadi mereka udah pelajarin mapel sesuai jurusan gak sih..
146,Kemdikbudristek Minta LPTK Gunakan Kurikulum Merdeka untuk Pendidikan Guru https://t.co/0xDhWC9kwy #beritasatu #news #berita
147,10 37 Persen dari Pendaftar Siswa dengan Kurikulum Merdeka Lulus UTBK https://t.co/kPBE9agpUP #beritasatu #news #berita
148,@mbienyambay2 Guru pd sengaja ngetes siswa nya cerdas update atau ndak. Kurikulum Merdeka: SEMUA SISWA NAIK KELAS BERAPAPUN ANGKA RAPOR nya. TAK ADA SISTEM RANKING Tabik mas nadiem...
149,20 Soal Matematika Kelas 4 Semester 2 Kurikulum Merdeka https://t.co/y1O1knnWj5
150,BPMP Jambi Gelar Pameran Bulan Merdeka dan Festival Kurikulum Merdeka 2024 Ini Tujuannya! https://t.co/9csOQZOslG #News
151,Profesionalitas Mahasiswa Pendidikan dalam Menghadapi Tantangan Pembelajaran Kurikulum Merdeka https://t.co/c6Tg0c3tw0
152,Kurikulum Merdeka Assessment for Learning dan Pembelajaran Matematika di Sekolah Dasar https://t.co/uRtuLsMjnN
153,Mendikbudristek Nadiem ungkap bahwa Kurikulum Merdeka akan ditetapkan jadi kurikulum nasional tahun ini. Disebut sudah ada 75% sekolah yang telah mengimplementasikan kurikulum itu. https://t.co/pW8MVtFehs
154,Kemendikbud:¬†300 Ribu Sekolah Sudah Terapkan Kurikulum Merdeka https://t.co/toMSiwCXCa
155,Menakar Keberlanjutan Kurikulum Merdeka: Tantangan dan Peluang Jangka Panjang https://t.co/oUiAQMAtUH #vstory
156,@dhemit_is_back Kurikulum merdeka nih bossss. Yang penting merdeka dulu 
157,@7lemon_melon7 @barbieburuh Tbh kurikulum merdeka nadiem oke bgt sih tapi untuk yg mau lanjut STEM jadi keteteran bgt. Kuliah STEM di Indo itu analisisnya jauh bgt lebih rendah dari US. Padahal start SD nya kita udah belajar math yg macem macem
158,Pramuka Tetap Ada di Kurikulum Merdeka Ini Penjelasan Kemendikbud Ristek https://t.co/PDzoEybc3W #News
159,4 Fakta Kabar Kemendikbudristek Hapus Ekstrakurikuler Pramuka Kini Pertimbangkan Masuk Kurikulum Merdeka https://t.co/N93t8PoB7P #News
160,30 Catatan Wali Kelas Berdasarkan Gaya Belajar Siswa untuk Raport Kurikulum Merdeka https://t.co/yzZpogzvFc
161,Penerapan Kurikulum Merdeka Bantu Pengembangan Anak Usia Dini https://t.co/LsvMCedwaw
162,130 Siswa SD Muhammadiyah 1 Solo Lulus dengan Kurikulum Merdeka! Simak Prestasi Mereka! https://t.co/wncuiRFAFU
163,Kemendikbudristek: Keikutsertaan Pramuka Adalah Hak Murid Bukan Kewajiban Kemendikbudristek menepis rumor Pramuka dihapus dari kegiatan di sekolah. Pramuka tetap masuk dalam kurikulum Merdeka sebagai salah satu kegiatan ekstrakurikuler. &gt;&gt; https://t.co/ED3GpuckZm #detikcom
164,Latihan Soal PAT/UKK PJOK Kelas 5 SD/MI Semester 2 Kurikulum Merdeka Lengkap dengan Kunci Jawaban https://t.co/THXiKWle2K
165,@girlstudyacc @matchaloevee mjb kurikulum merdeka
166,Lulusan Kurikulum Merdeka Diklaim Raih Skor UTBK SNBT Lebih Tinggi Kok Bisa? https://t.co/qzPhFvIrLy
167,Terapkan Kurikulum Merdeka Anak Usia Dini Dikenali dengan Kuliner Khas Kudus https://t.co/zc0yxVaD8C
168,90 Persen Sekolah di Jawa Barat Terapkan Kurikulum Merdeka https://t.co/lU9SIHGw67 #beritasatu #news #berita
169,Kurikulum Merdeka yang Terbaik Bagi Masa Ini https://t.co/X02HVBY9fL
170,Mendikbudristek Dorong Sekolah di IKN Terapkan Kurikulum Merdeka https://t.co/H3ql4XEFGl
171,Cerita Orang Tua Saat Dilibatkan dalam Implementasi Kurikulum Merdeka https://t.co/uhFwJgiSFf
172,Tahun 2023 Ada 306.995 Satuan Pendidikan Mendaftar Kurikulum Merdeka https://t.co/NpM3xeKGK3
173,Kemendikbudristek: Kurikulum Merdeka Bantu Asah Potensi Murid https://t.co/nsAMwYwjoh
174,Kurikulum Merdeka Libatkan Guru dan Anak Didik Susun Program Pembelajaran https://t.co/syoCDucb6D
175,Kurikulum Merdeka Dukung Anak Kenali Minat dan Bakat sejak Dini https://t.co/2psDrx5Vxm
176,Kurikulum Merdeka Guru dan Anak Didik Susun Program Pembelajaran https://t.co/O8CGgNVOPQ
177,Menag Pastikan Madrasah Siap Terapkan Kurikulum Merdeka Belajar https://t.co/oblOGoGEeX
178,Kunci Jawaban Soal Fisika Kelas 12 SMA Kurikulum Merdeka Halaman 66 Bab 3: Kemagetan https://t.co/9PllXQBFvw.
179,Sekolah yang belum menerapkan Kurikulum Merdeka diberi waktu dua tahun untuk mempelajari dan menerapkannya. https://t.co/2QjDvLUyCU
180,Tujuan Kurikulum Merdeka adalah agar guru bisa fokus kepada muridnya. https://t.co/BzOTxXEafZ
181,Kunci Jawaban Soal IPS Kelas 7 SMP Kurikulum Merdeka¬†Halaman 29 dan 30 Aktivitas 5 https://t.co/ZisUXzpF8U.
182,Resmi! Kurikulum Merdeka diberlakukan untuk sekolah se-Indonesia di jenjang PAUD pendidikan dasar dan pendidikan menengah. Via @detik_edu https://t.co/klz9dLITd7
183,Daftar Mata Pelajaran Pendukung SNBP 2024 Kurikulum Merdeka Siswa Simak! Yuk para camaba wajib cermati nih buat persiapan nanti. Semangat! &gt;&gt; https://t.co/yEBsII2nY4 Via @detik_edu
184,Kurikulum Merdeka diresmikan untuk sekolah se-Indonesia. Tapi bagaimana nasib sekolah yang belum menerapkan Kurikulum Merdeka? Via @detik_edu https://t.co/7Cs8VtQihk
185,Jumlah siswa lolos SNBP 2024 di Sekolah Penggerak Angkatan 1 turun. P2G menilai ini merugikan anak-anak dan bertentangan dengan prinsip Kurikulum Merdeka. Via @detik_edu https://t.co/SR7HW99wDS
186,@RagilSemar Pendidikan yg tidak punya wawasan global. Bukan hanya di smpn itu yg gagal. Itu menggambarkan kegagalan kurikulum merdeka di semua sekolah dalam wawasan sejarah.
187,Survei PISA 2022: Siswa Indonesia Mudah Berteman Berkat Kurikulum Merdeka Mendikbud Nadiem dan Direktur Pendidikan OECD mengatakan Kurikulum Merdeka beri dampak baik terhadap kompetensi siswa salah satunya dalam bersosial. &gt;&gt; https://t.co/Yt0IZYhv7T Via @detik_edu
188,SMP Negeri 1 Tambun Selatan Terbaik Dalam Implementasi Program Kurikulum Merdeka https://t.co/YapRYhwyyw lewat @infodanta.com
189,&lt;p&gt;Skor SNBT lulusan Kurikulum Merdeka melebihi peserta lain dengan Kurikulum 2013.&lt;/p&gt; https://t.co/IAujIgQjo3
190,Tim SNPMB mengatakan siswa SMA SMK yang menggunakan Kurikulum Merdeka punya nilai UTBK SNBT 2024 lebih tinggi dibanding K13. https://t.co/WSs9VzRgVa
191,Tim SNPMB mengatakan siswa SMA SMK yang menggunakan Kurikulum Merdeka punya nilai UTBK SNBT 2024 lebih tinggi dibanding K13. https://t.co/ps7R04N521
192,MINU KH Mukmin jadi percontohan implementasi kurikulum merdeka https://t.co/7u4zkTE4xS
193,Kabupaten Bogor mendorong bahasa Sunda masuk dalam Kurikulum Merdeka. https://t.co/nDjC1JGB7w
194,Soal UAS PAS Sosiologi Kelas 10 SMA SMK MA Semester 2 Kurikulum Merdeka Lengkap Kunci Jawaban https://t.co/fmMSmK7hrE lewat @banjarmasinpost
195,DPR RI menilai ketidaksiapan guru-guru di daerah masih menjadi kendala penerapan Kurikulum Merdeka secara nasional. Via @detik_edu https://t.co/IhgTcTn1fR
196,Pagelaang dimainkan pelajar salahsatu Kurikulum Program Merdeka Belajar https://t.co/e4hcMsM386
197,Kurikulum Merdeka resmi menjadi kurikulum nasional. Berikut hal-hal yang perlu diketahui tentang penerapannya di PAUD SD SMP SMA dan yang Sederajat. Via @detik_edu https://t.co/Q8CFx0rGJJ
198,Kepala Sekolah SMK Mardikenya sebut seminar BSI bagian dari Kurikulum Merdeka Belajar https://t.co/MZuTKCyDhD
199,Aktivis Pendidikan organisasi nirlaba Barisan Pengkaji Pendidikan (Bajik) menilai Kurikulum Merdeka masih belum layak jadi Kurikulum Nasional. Kenapa? Via @detik_edu https://t.co/XEwdQtMyQy
200,Kurikulum Merdeka mulai diperkenalkan pada kalangan pendidikan sejak 2021. https://t.co/3qBSFMlAxb
201,Kemendikbud lakukan uji publik Rancangan Permendikbudristek Kurikulum Merdeka. Sekolah yang belum menggunakan punya 2 tahun untuk mempelajari dan menerapkannya. Via @detik_edu https://t.co/d50sdUOOl4
202,Implementasi Kurikulum Merdeka Banyumas Peringkat Pertama dalam Aktivitas PMM https://t.co/TPo47J5KwX
203,20 Contoh Soal PAS Bahasa Indonesia Kelas 5 SD Semester 1 Kurikulum Merdeka Yuk Belajar! Bisa untuk melatih kemampuan si kecil nih. Ada kunci jawabannya juga kok! &gt;&gt; https://t.co/znsMJK7aZZ Via @detik_edu
204,20 Contoh Soal PAS Bahasa Inggris Kelas 9 SMP Semester 1 Kurikulum Merdeka Yuk biar nggak lupa lagi sama pelajarannya soal ini bisa untuk menilai kemampuanmu. Selamat belajar! &gt;&gt; https://t.co/8zNubUIYG0 Via @detik_edu
205,Kurikulum Merdeka berikan keleluasaan guru untuk susun materi pembelajaran https://t.co/Ki95xgEIHU
206,Sudah 80 persen sekolah di DIY menerapkan Kurikulum Merdeka. https://t.co/Y8p5S47PvQ
207,Ini Upaya Disdikbud Pamekasan Implementasikan Kurikulum Merdeka. Dinas Pendidikan dan Kebudayaan (Disdikbud) Pamekasan berupaya maksimal mewujudkan Implementasi Kurikulum Merdeka (IKM) jenjang https://t.co/33AZA53Akw #PendidikanKesehatan #AkhmadZaini via @beritajatimcom
208,ASPD)di DIY dinilai tidak sinkron dengan Kurikulum Merdeka. https://t.co/fAqHxKHJZj
209,Sudah lebih dari 268 ribu satuan pendidikan terapkan kurikulum merdeka. https://t.co/Ry10lLQ0jD
210,Ujian UTBK SNBT 2023 disesuaikan dengan kebijakan Kurikulum Merdeka. https://t.co/VC1zEy9ui5
211,Kurikulum merdeka dorong terciptanya insan pendidikan berkualitas dan berkarakter. https://t.co/YEtrIz9nC7
212,IHT di SMAN 1 Belitang Hulu mengambil materi yaitu karakteristik Kurikulum Merdeka https://t.co/y7ftmQ8qx5
213,Selaku narasumber dosen Universitas BSI Pontianak perkenalkan Kurikulum Merdeka. https://t.co/nceApjQvfN
214,Ternyata rerata skor UTBK SNBT 2024 siswa Kurikulum Merdeka lebih tinggi dibandingkan dengan siswa dari kurikulum lain. Hmm kenapa ya? Via @detik_edu https://t.co/HAaaIl2F4t
215,Masing-masing PTKIN memiliki kelebihan keselarasan dan rekognisi. https://t.co/D8zv1JkdgF
216,CONTOH Narasi Penilaian atau Catatan Rapor Siswa SMA / SMK Kurikulum Merdeka https://t.co/VFhl4MWmQq #Cerai #Iparadalahmaut #Kaesang #Dirumah #Daddies #Kominfo #Gita #Semangka #Arafah #zonauang #Anies #Login #UTBK #KimHyeyoon #HarumnyaMiniso
217,Merdeka Belajar menargetkan satuan pendidikan membangun enam fondasi kemampuan anak https://t.co/qmN24rwaeY
218,Kegiatan In House Training (IHT) dosen Universitas BSI digelar selama dua hari https://t.co/xcrI9icgd1
219,Kelas Pintar telah resmi menjadi mitra pembangunan Kemendikbudristek https://t.co/l1cecCHKbj
